VideoSource	ColorSource	FlockGroup	FlockSpeed	FlockDistance	EffectOne	ParOne	EffectTwo	ParTwo	LightPattern	LightColor	Titles	Effect	List
0.2677165	0.503937	0.496063	0.2755905	0.5984252	0.1417323	0.007874016	0.9370078	0.8818898	1	0.527559	1	0.9370078	0.9370078
