VideoSource	ColorSource	FlockGroup	FlockSpeed	FlockDistance	EffectOne	ParOne	EffectTwo	ParTwo	LightPattern	LightColor	Titles	Effect	List
0.2677165	0.503937	0.5669292	0.3149606	0.5984252	0.7244095	0.2834646	0.9370078	0.7401575	1	0.527559	1	0.9370078	0.9370078
